"No.","ClientID","Client Name","Place","Diff Pix","Monitor Date","Created Date"
"1","C-003","一般社団法人　葛西地震研究所","葛西観測所−Ａ","13","2016-06-07 15:13:42","2016-06-09 19:25:12"
"2","C-003","一般社団法人　葛西地震研究所","葛西観測所−Ａ","13","2016-06-07 15:14:42","2016-06-09 19:25:12"
"3","C-003","一般社団法人　葛西地震研究所","葛西観測所−Ａ","11","2016-06-07 15:15:42","2016-06-09 19:25:12"
"4","C-003","一般社団法人　葛西地震研究所","葛西観測所−Ａ","0","2016-06-07 15:16:42","2016-06-09 19:25:12"
"5","C-003","一般社団法人　葛西地震研究所","葛西観測所−Ａ","14","2016-06-07 15:17:42","2016-06-09 19:25:12"
"6","C-003","一般社団法人　葛西地震研究所","葛西観測所−Ａ","14","2016-06-07 15:18:42","2016-06-09 19:25:12"
"7","C-003","一般社団法人　葛西地震研究所","葛西観測所−Ａ","12","2016-06-07 15:19:42","2016-06-09 19:25:12"
"8","C-003","一般社団法人　葛西地震研究所","葛西観測所−Ａ","14","2016-06-07 15:20:42","2016-06-09 19:25:12"
"9","C-003","一般社団法人　葛西地震研究所","葛西観測所−Ａ","0","2016-06-07 15:21:42","2016-06-09 19:25:12"
"10","C-003","一般社団法人　葛西地震研究所","葛西観測所−Ａ","12","2016-06-07 15:22:42","2016-06-09 19:25:12"
"11","C-003","一般社団法人　葛西地震研究所","葛西観測所−Ａ","14","2016-06-07 15:23:42","2016-06-09 19:25:12"
"12","C-003","一般社団法人　葛西地震研究所","葛西観測所−Ａ","15","2016-06-07 15:24:42","2016-06-09 19:25:12"
"13","C-003","一般社団法人　葛西地震研究所","葛西観測所−Ａ","11","2016-06-07 15:25:42","2016-06-09 19:25:12"
"14","C-003","一般社団法人　葛西地震研究所","葛西観測所−Ａ","0","2016-06-07 15:26:42","2016-06-09 19:25:12"
"15","C-003","一般社団法人　葛西地震研究所","葛西観測所−Ａ","13","2016-06-07 15:27:42","2016-06-09 19:25:12"
"16","C-003","一般社団法人　葛西地震研究所","葛西観測所−Ａ","11","2016-06-07 15:28:42","2016-06-09 19:25:12"
"17","C-003","一般社団法人　葛西地震研究所","葛西観測所−Ａ","11","2016-06-07 15:29:42","2016-06-09 19:25:12"
"18","C-003","一般社団法人　葛西地震研究所","葛西観測所−Ａ","14","2016-06-07 15:30:42","2016-06-09 19:25:12"
"19","C-003","一般社団法人　葛西地震研究所","葛西観測所−Ａ","0","2016-06-07 15:31:42","2016-06-09 19:25:12"
"20","C-003","一般社団法人　葛西地震研究所","葛西観測所−Ａ","12","2016-06-07 15:32:42","2016-06-09 19:25:12"
"21","C-003","一般社団法人　葛西地震研究所","葛西観測所−Ａ","14","2016-06-07 15:33:42","2016-06-09 19:25:12"
"22","C-003","一般社団法人　葛西地震研究所","葛西観測所−Ａ","13","2016-06-07 15:34:42","2016-06-09 19:25:12"
"23","C-003","一般社団法人　葛西地震研究所","葛西観測所−Ａ","14","2016-06-07 15:35:42","2016-06-09 19:25:13"
"24","C-003","一般社団法人　葛西地震研究所","葛西観測所−Ａ","0","2016-06-07 15:36:42","2016-06-09 19:25:13"
"25","C-003","一般社団法人　葛西地震研究所","葛西観測所−Ａ","12","2016-06-07 15:37:42","2016-06-09 19:25:13"
"26","C-003","一般社団法人　葛西地震研究所","葛西観測所−Ａ","13","2016-06-07 15:38:42","2016-06-09 19:25:13"
"27","C-003","一般社団法人　葛西地震研究所","葛西観測所−Ａ","14","2016-06-07 15:39:42","2016-06-09 19:25:13"
"28","C-003","一般社団法人　葛西地震研究所","葛西観測所−Ａ","11","2016-06-07 15:40:42","2016-06-09 19:25:13"
"29","C-003","一般社団法人　葛西地震研究所","葛西観測所−Ａ","0","2016-06-07 15:41:42","2016-06-09 19:25:13"
"30","C-003","一般社団法人　葛西地震研究所","葛西観測所−Ａ","10","2016-06-07 15:42:42","2016-06-09 19:25:13"
"31","C-003","一般社団法人　葛西地震研究所","葛西観測所−Ａ","12","2016-06-07 15:43:42","2016-06-09 19:25:13"
"32","C-003","一般社団法人　葛西地震研究所","葛西観測所−Ａ","11","2016-06-07 15:44:42","2016-06-09 19:25:13"
"33","C-003","一般社団法人　葛西地震研究所","葛西観測所−Ａ","12","2016-06-07 15:45:42","2016-06-09 19:25:13"
"34","C-003","一般社団法人　葛西地震研究所","葛西観測所−Ａ","0","2016-06-07 15:46:42","2016-06-09 19:25:13"
"35","C-003","一般社団法人　葛西地震研究所","葛西観測所−Ａ","14","2016-06-07 15:47:42","2016-06-09 19:25:13"
"36","C-003","一般社団法人　葛西地震研究所","葛西観測所−Ａ","18","2016-06-07 15:48:42","2016-06-09 19:25:13"
"37","C-003","一般社団法人　葛西地震研究所","葛西観測所−Ａ","15","2016-06-07 15:49:42","2016-06-09 19:25:13"
"38","C-003","一般社団法人　葛西地震研究所","葛西観測所−Ａ","14","2016-06-07 15:50:42","2016-06-09 19:25:13"
"39","C-003","一般社団法人　葛西地震研究所","葛西観測所−Ａ","0","2016-06-07 15:51:42","2016-06-09 19:25:14"
"40","C-003","一般社団法人　葛西地震研究所","葛西観測所−Ａ","12","2016-06-07 15:52:42","2016-06-09 19:25:14"
"41","C-003","一般社団法人　葛西地震研究所","葛西観測所−Ａ","9","2016-06-07 15:53:42","2016-06-09 19:25:14"
"42","C-003","一般社団法人　葛西地震研究所","葛西観測所−Ａ","9","2016-06-07 15:54:42","2016-06-09 19:25:14"
"43","C-003","一般社団法人　葛西地震研究所","葛西観測所−Ａ","10","2016-06-07 15:55:42","2016-06-09 19:25:14"
"44","C-003","一般社団法人　葛西地震研究所","葛西観測所−Ａ","0","2016-06-07 15:56:42","2016-06-09 19:25:14"
"45","C-003","一般社団法人　葛西地震研究所","葛西観測所−Ａ","11","2016-06-07 15:57:42","2016-06-09 19:25:14"
"46","C-003","一般社団法人　葛西地震研究所","葛西観測所−Ａ","13","2016-06-07 15:58:42","2016-06-09 19:25:14"
"47","C-003","一般社団法人　葛西地震研究所","葛西観測所−Ａ","14","2016-06-07 15:59:42","2016-06-09 19:25:14"
"48","C-003","一般社団法人　葛西地震研究所","葛西観測所−Ａ","21","2016-06-07 16:00:42","2016-06-09 19:25:14"
"49","C-003","一般社団法人　葛西地震研究所","葛西観測所−Ａ","0","2016-06-07 16:01:42","2016-06-09 19:25:14"
"50","C-003","一般社団法人　葛西地震研究所","葛西観測所−Ａ","0","2016-06-07 16:02:42","2016-06-09 19:25:14"
"51","C-003","一般社団法人　葛西地震研究所","葛西観測所−Ａ","0","2016-06-07 16:03:42","2016-06-09 19:25:14"
"52","C-003","一般社団法人　葛西地震研究所","葛西観測所−Ａ","0","2016-06-07 16:04:42","2016-06-09 19:25:14"
"53","C-003","一般社団法人　葛西地震研究所","葛西観測所−Ａ","0","2016-06-07 16:05:42","2016-06-09 19:25:14"
"54","C-003","一般社団法人　葛西地震研究所","葛西観測所−Ａ","0","2016-06-07 16:06:42","2016-06-09 19:25:14"
"55","C-003","一般社団法人　葛西地震研究所","葛西観測所−Ａ","0","2016-06-07 16:07:42","2016-06-09 19:25:14"
"56","C-003","一般社団法人　葛西地震研究所","葛西観測所−Ａ","0","2016-06-07 16:08:42","2016-06-09 19:25:14"
"57","C-003","一般社団法人　葛西地震研究所","葛西観測所−Ａ","0","2016-06-07 16:09:42","2016-06-09 19:25:14"
"58","C-003","一般社団法人　葛西地震研究所","葛西観測所−Ａ","18","2016-06-07 16:10:42","2016-06-09 19:25:14"
"59","C-003","一般社団法人　葛西地震研究所","葛西観測所−Ａ","0","2016-06-07 16:11:42","2016-06-09 19:25:14"
"60","C-003","一般社団法人　葛西地震研究所","葛西観測所−Ａ","10","2016-06-07 16:12:42","2016-06-09 19:25:15"
"61","C-003","一般社団法人　葛西地震研究所","葛西観測所−Ａ","18","2016-06-07 16:13:42","2016-06-09 19:25:15"
"62","C-003","一般社団法人　葛西地震研究所","葛西観測所−Ａ","12","2016-06-07 16:14:42","2016-06-09 19:25:15"
"63","C-003","一般社団法人　葛西地震研究所","葛西観測所−Ａ","10","2016-06-07 16:15:42","2016-06-09 19:25:15"
"64","C-003","一般社団法人　葛西地震研究所","葛西観測所−Ａ","0","2016-06-07 16:16:42","2016-06-09 19:25:15"
"65","C-003","一般社団法人　葛西地震研究所","葛西観測所−Ａ","14","2016-06-07 16:17:42","2016-06-09 19:25:15"
"66","C-003","一般社団法人　葛西地震研究所","葛西観測所−Ａ","15","2016-06-07 16:18:42","2016-06-09 19:25:15"
"67","C-003","一般社団法人　葛西地震研究所","葛西観測所−Ａ","15","2016-06-07 16:19:42","2016-06-09 19:25:15"
"68","C-003","一般社団法人　葛西地震研究所","葛西観測所−Ａ","16","2016-06-07 16:20:42","2016-06-09 19:25:15"
"69","C-003","一般社団法人　葛西地震研究所","葛西観測所−Ａ","0","2016-06-07 16:21:42","2016-06-09 19:25:15"
"70","C-003","一般社団法人　葛西地震研究所","葛西観測所−Ａ","15","2016-06-07 16:22:42","2016-06-09 19:25:15"
"71","C-003","一般社団法人　葛西地震研究所","葛西観測所−Ａ","10","2016-06-07 16:23:42","2016-06-09 19:25:15"
"72","C-003","一般社団法人　葛西地震研究所","葛西観測所−Ａ","17","2016-06-07 16:24:42","2016-06-09 19:25:15"
"73","C-003","一般社団法人　葛西地震研究所","葛西観測所−Ａ","16","2016-06-07 16:25:42","2016-06-09 19:25:15"
"74","C-003","一般社団法人　葛西地震研究所","葛西観測所−Ａ","0","2016-06-07 16:26:42","2016-06-09 19:25:15"
"75","C-003","一般社団法人　葛西地震研究所","葛西観測所−Ａ","14","2016-06-07 16:27:43","2016-06-09 19:25:15"
"76","C-003","一般社団法人　葛西地震研究所","葛西観測所−Ａ","13","2016-06-07 16:28:43","2016-06-09 19:25:15"
"77","C-003","一般社団法人　葛西地震研究所","葛西観測所−Ａ","12","2016-06-07 16:29:43","2016-06-09 19:25:15"
"78","C-003","一般社団法人　葛西地震研究所","葛西観測所−Ａ","14","2016-06-07 16:30:43","2016-06-09 19:25:15"
"79","C-003","一般社団法人　葛西地震研究所","葛西観測所−Ａ","0","2016-06-07 16:31:43","2016-06-09 19:25:15"
"80","C-003","一般社団法人　葛西地震研究所","葛西観測所−Ａ","10","2016-06-07 16:32:43","2016-06-09 19:25:15"
"81","C-003","一般社団法人　葛西地震研究所","葛西観測所−Ａ","12","2016-06-07 16:33:43","2016-06-09 19:25:15"
"82","C-003","一般社団法人　葛西地震研究所","葛西観測所−Ａ","8","2016-06-07 16:34:43","2016-06-09 19:25:16"
"83","C-003","一般社団法人　葛西地震研究所","葛西観測所−Ａ","6","2016-06-07 16:35:43","2016-06-09 19:25:16"
"84","C-003","一般社団法人　葛西地震研究所","葛西観測所−Ａ","0","2016-06-07 16:36:43","2016-06-09 19:25:16"
"85","C-003","一般社団法人　葛西地震研究所","葛西観測所−Ａ","7","2016-06-07 16:37:43","2016-06-09 19:25:16"
"86","C-003","一般社団法人　葛西地震研究所","葛西観測所−Ａ","9","2016-06-07 16:38:43","2016-06-09 19:25:16"
"87","C-003","一般社団法人　葛西地震研究所","葛西観測所−Ａ","7","2016-06-07 16:39:43","2016-06-09 19:25:16"
"88","C-003","一般社団法人　葛西地震研究所","葛西観測所−Ａ","12","2016-06-07 16:40:43","2016-06-09 19:25:16"
"89","C-003","一般社団法人　葛西地震研究所","葛西観測所−Ａ","0","2016-06-07 16:41:43","2016-06-09 19:25:16"
"90","C-003","一般社団法人　葛西地震研究所","葛西観測所−Ａ","12","2016-06-07 16:42:43","2016-06-09 19:25:16"
"91","C-003","一般社団法人　葛西地震研究所","葛西観測所−Ａ","11","2016-06-07 16:43:43","2016-06-09 19:25:16"
"92","C-003","一般社団法人　葛西地震研究所","葛西観測所−Ａ","10","2016-06-07 16:44:43","2016-06-09 19:25:16"
"93","C-003","一般社団法人　葛西地震研究所","葛西観測所−Ａ","11","2016-06-07 16:45:43","2016-06-09 19:25:16"
"94","C-003","一般社団法人　葛西地震研究所","葛西観測所−Ａ","0","2016-06-07 16:46:43","2016-06-09 19:25:16"
"95","C-003","一般社団法人　葛西地震研究所","葛西観測所−Ａ","7","2016-06-07 16:47:43","2016-06-09 19:25:16"
"96","C-003","一般社団法人　葛西地震研究所","葛西観測所−Ａ","9","2016-06-07 16:48:43","2016-06-09 19:25:16"
"97","C-003","一般社団法人　葛西地震研究所","葛西観測所−Ａ","7","2016-06-07 16:49:43","2016-06-09 19:25:16"
"98","C-003","一般社団法人　葛西地震研究所","葛西観測所−Ａ","8","2016-06-07 16:50:43","2016-06-09 19:25:16"
"99","C-003","一般社団法人　葛西地震研究所","葛西観測所−Ａ","0","2016-06-07 16:51:43","2016-06-09 19:25:16"
"100","C-003","一般社団法人　葛西地震研究所","葛西観測所−Ａ","9","2016-06-07 16:52:43","2016-06-09 19:25:16"
"101","C-003","一般社団法人　葛西地震研究所","葛西観測所−Ａ","9","2016-06-07 16:53:43","2016-06-09 19:25:16"
"102","C-003","一般社団法人　葛西地震研究所","葛西観測所−Ａ","9","2016-06-07 16:54:43","2016-06-09 19:25:16"
"103","C-003","一般社団法人　葛西地震研究所","葛西観測所−Ａ","9","2016-06-07 16:55:43","2016-06-09 19:25:16"
"104","C-003","一般社団法人　葛西地震研究所","葛西観測所−Ａ","0","2016-06-07 16:56:43","2016-06-09 19:25:16"
"105","C-003","一般社団法人　葛西地震研究所","葛西観測所−Ａ","9","2016-06-07 16:57:43","2016-06-09 19:25:17"
"106","C-003","一般社団法人　葛西地震研究所","葛西観測所−Ａ","10","2016-06-07 16:58:43","2016-06-09 19:25:17"
"107","C-003","一般社団法人　葛西地震研究所","葛西観測所−Ａ","10","2016-06-07 16:59:43","2016-06-09 19:25:17"
"108","C-003","一般社団法人　葛西地震研究所","葛西観測所−Ａ","9","2016-06-07 17:00:43","2016-06-09 19:25:17"
"109","C-003","一般社団法人　葛西地震研究所","葛西観測所−Ａ","0","2016-06-07 17:01:43","2016-06-09 19:25:17"
"110","C-003","一般社団法人　葛西地震研究所","葛西観測所−Ａ","7","2016-06-07 17:02:43","2016-06-09 19:25:17"
"111","C-003","一般社団法人　葛西地震研究所","葛西観測所−Ａ","9","2016-06-07 17:03:43","2016-06-09 19:25:17"
"112","C-003","一般社団法人　葛西地震研究所","葛西観測所−Ａ","10","2016-06-07 17:04:43","2016-06-09 19:25:17"
"113","C-003","一般社団法人　葛西地震研究所","葛西観測所−Ａ","7","2016-06-07 17:05:43","2016-06-09 19:25:17"
"114","C-003","一般社団法人　葛西地震研究所","葛西観測所−Ａ","0","2016-06-07 17:06:43","2016-06-09 19:25:17"
"115","C-003","一般社団法人　葛西地震研究所","葛西観測所−Ａ","10","2016-06-07 17:07:43","2016-06-09 19:25:17"
"116","C-003","一般社団法人　葛西地震研究所","葛西観測所−Ａ","9","2016-06-07 17:08:43","2016-06-09 19:25:17"
"117","C-003","一般社団法人　葛西地震研究所","葛西観測所−Ａ","10","2016-06-07 17:09:43","2016-06-09 19:25:17"
"118","C-003","一般社団法人　葛西地震研究所","葛西観測所−Ａ","10","2016-06-07 17:10:43","2016-06-09 19:25:17"
"119","C-003","一般社団法人　葛西地震研究所","葛西観測所−Ａ","0","2016-06-07 17:11:43","2016-06-09 19:25:17"
"120","C-003","一般社団法人　葛西地震研究所","葛西観測所−Ａ","9","2016-06-07 17:12:43","2016-06-09 19:25:17"
"121","C-003","一般社団法人　葛西地震研究所","葛西観測所−Ａ","9","2016-06-07 17:13:43","2016-06-09 19:25:17"
"122","C-003","一般社団法人　葛西地震研究所","葛西観測所−Ａ","9","2016-06-07 17:14:43","2016-06-09 19:25:17"
"123","C-003","一般社団法人　葛西地震研究所","葛西観測所−Ａ","9","2016-06-07 17:15:43","2016-06-09 19:25:17"
"124","C-003","一般社団法人　葛西地震研究所","葛西観測所−Ａ","0","2016-06-07 17:16:43","2016-06-09 19:25:17"
"125","C-003","一般社団法人　葛西地震研究所","葛西観測所−Ａ","8","2016-06-07 17:17:43","2016-06-09 19:25:17"
"126","C-003","一般社団法人　葛西地震研究所","葛西観測所−Ａ","8","2016-06-07 17:18:43","2016-06-09 19:25:17"
"127","C-003","一般社団法人　葛西地震研究所","葛西観測所−Ａ","9","2016-06-07 17:19:43","2016-06-09 19:25:17"
"128","C-003","一般社団法人　葛西地震研究所","葛西観測所−Ａ","9","2016-06-07 17:20:43","2016-06-09 19:25:17"
"129","C-003","一般社団法人　葛西地震研究所","葛西観測所−Ａ","0","2016-06-07 17:21:43","2016-06-09 19:25:17"
"130","C-003","一般社団法人　葛西地震研究所","葛西観測所−Ａ","9","2016-06-07 17:22:43","2016-06-09 19:25:17"
"131","C-003","一般社団法人　葛西地震研究所","葛西観測所−Ａ","9","2016-06-07 17:23:43","2016-06-09 19:25:17"
"132","C-003","一般社団法人　葛西地震研究所","葛西観測所−Ａ","8","2016-06-07 17:24:43","2016-06-09 19:25:17"
"133","C-003","一般社団法人　葛西地震研究所","葛西観測所−Ａ","8","2016-06-07 17:25:43","2016-06-09 19:25:18"
"134","C-003","一般社団法人　葛西地震研究所","葛西観測所−Ａ","0","2016-06-07 17:26:43","2016-06-09 19:25:18"
"135","C-003","一般社団法人　葛西地震研究所","葛西観測所−Ａ","10","2016-06-07 17:27:43","2016-06-09 19:25:18"
"136","C-003","一般社団法人　葛西地震研究所","葛西観測所−Ａ","9","2016-06-07 17:28:43","2016-06-09 19:25:18"
"137","C-003","一般社団法人　葛西地震研究所","葛西観測所−Ａ","8","2016-06-07 17:29:43","2016-06-09 19:25:18"
"138","C-003","一般社団法人　葛西地震研究所","葛西観測所−Ａ","9","2016-06-07 17:30:43","2016-06-09 19:25:18"
"139","C-003","一般社団法人　葛西地震研究所","葛西観測所−Ａ","0","2016-06-07 17:31:43","2016-06-09 19:25:18"
"140","C-003","一般社団法人　葛西地震研究所","葛西観測所−Ａ","9","2016-06-07 17:32:43","2016-06-09 19:25:18"
"141","C-003","一般社団法人　葛西地震研究所","葛西観測所−Ａ","10","2016-06-07 17:33:43","2016-06-09 19:25:18"
"142","C-003","一般社団法人　葛西地震研究所","葛西観測所−Ａ","9","2016-06-07 17:34:43","2016-06-09 19:25:18"
"143","C-003","一般社団法人　葛西地震研究所","葛西観測所−Ａ","7","2016-06-07 17:35:43","2016-06-09 19:25:18"
"144","C-003","一般社団法人　葛西地震研究所","葛西観測所−Ａ","0","2016-06-07 17:36:43","2016-06-09 19:25:18"
"145","C-003","一般社団法人　葛西地震研究所","葛西観測所−Ａ","8","2016-06-07 17:37:43","2016-06-09 19:25:18"
"146","C-003","一般社団法人　葛西地震研究所","葛西観測所−Ａ","10","2016-06-07 17:38:43","2016-06-09 19:25:18"
"147","C-003","一般社団法人　葛西地震研究所","葛西観測所−Ａ","10","2016-06-07 17:39:43","2016-06-09 19:25:18"
"148","C-003","一般社団法人　葛西地震研究所","葛西観測所−Ａ","9","2016-06-07 17:40:43","2016-06-09 19:25:18"
"149","C-003","一般社団法人　葛西地震研究所","葛西観測所−Ａ","0","2016-06-07 17:41:44","2016-06-09 19:25:18"
"150","C-003","一般社団法人　葛西地震研究所","葛西観測所−Ａ","8","2016-06-07 17:42:44","2016-06-09 19:25:18"
"151","C-003","一般社団法人　葛西地震研究所","葛西観測所−Ａ","9","2016-06-07 17:43:44","2016-06-09 19:25:18"
"152","C-003","一般社団法人　葛西地震研究所","葛西観測所−Ａ","9","2016-06-07 17:44:44","2016-06-09 19:25:18"
"153","C-003","一般社団法人　葛西地震研究所","葛西観測所−Ａ","9","2016-06-07 17:45:44","2016-06-09 19:25:18"
"154","C-003","一般社団法人　葛西地震研究所","葛西観測所−Ａ","0","2016-06-07 17:46:44","2016-06-09 19:25:18"
"155","C-003","一般社団法人　葛西地震研究所","葛西観測所−Ａ","2","2016-06-07 17:47:44","2016-06-09 19:25:18"
"156","C-003","一般社団法人　葛西地震研究所","葛西観測所−Ａ","0","2016-06-07 17:48:44","2016-06-09 19:25:18"
"157","C-003","一般社団法人　葛西地震研究所","葛西観測所−Ａ","0","2016-06-07 17:49:44","2016-06-09 19:25:18"
"158","C-003","一般社団法人　葛西地震研究所","葛西観測所−Ａ","0","2016-06-07 17:50:44","2016-06-09 19:25:18"
"159","C-003","一般社団法人　葛西地震研究所","葛西観測所−Ａ","0","2016-06-07 17:51:44","2016-06-09 19:25:18"
"160","C-003","一般社団法人　葛西地震研究所","葛西観測所−Ａ","1","2016-06-07 17:52:44","2016-06-09 19:25:18"
"161","C-003","一般社団法人　葛西地震研究所","葛西観測所−Ａ","1","2016-06-07 17:53:44","2016-06-09 19:25:19"
"162","C-003","一般社団法人　葛西地震研究所","葛西観測所−Ａ","0","2016-06-07 17:54:44","2016-06-09 19:25:19"
"163","C-003","一般社団法人　葛西地震研究所","葛西観測所−Ａ","0","2016-06-07 17:55:44","2016-06-09 19:25:19"
"164","C-003","一般社団法人　葛西地震研究所","葛西観測所−Ａ","0","2016-06-07 17:56:44","2016-06-09 19:25:19"
"165","C-003","一般社団法人　葛西地震研究所","葛西観測所−Ａ","3","2016-06-07 17:57:44","2016-06-09 19:25:19"
"166","C-003","一般社団法人　葛西地震研究所","葛西観測所−Ａ","4","2016-06-07 17:58:44","2016-06-09 19:25:19"
"167","C-003","一般社団法人　葛西地震研究所","葛西観測所−Ａ","3","2016-06-07 17:59:44","2016-06-09 19:25:19"
"168","C-003","一般社団法人　葛西地震研究所","葛西観測所−Ａ","3","2016-06-07 18:00:44","2016-06-09 19:25:19"
"169","C-003","一般社団法人　葛西地震研究所","葛西観測所−Ａ","0","2016-06-07 18:01:44","2016-06-09 19:25:19"
"170","C-003","一般社団法人　葛西地震研究所","葛西観測所−Ａ","3","2016-06-07 18:02:44","2016-06-09 19:25:19"
"171","C-003","一般社団法人　葛西地震研究所","葛西観測所−Ａ","3","2016-06-07 18:03:44","2016-06-09 19:25:19"
"172","C-003","一般社団法人　葛西地震研究所","葛西観測所−Ａ","3","2016-06-07 18:04:44","2016-06-09 19:25:19"
"173","C-003","一般社団法人　葛西地震研究所","葛西観測所−Ａ","4","2016-06-07 18:05:44","2016-06-09 19:25:19"
"174","C-003","一般社団法人　葛西地震研究所","葛西観測所−Ａ","0","2016-06-07 18:06:44","2016-06-09 19:25:19"
"175","C-003","一般社団法人　葛西地震研究所","葛西観測所−Ａ","3","2016-06-07 18:07:44","2016-06-09 19:25:19"
"176","C-003","一般社団法人　葛西地震研究所","葛西観測所−Ａ","3","2016-06-07 18:08:44","2016-06-09 19:25:19"
"177","C-003","一般社団法人　葛西地震研究所","葛西観測所−Ａ","3","2016-06-07 18:09:44","2016-06-09 19:25:19"
"178","C-003","一般社団法人　葛西地震研究所","葛西観測所−Ａ","3","2016-06-07 18:10:44","2016-06-09 19:25:19"
"179","C-003","一般社団法人　葛西地震研究所","葛西観測所−Ａ","0","2016-06-07 18:11:44","2016-06-09 19:25:19"
"180","C-003","一般社団法人　葛西地震研究所","葛西観測所−Ａ","4","2016-06-07 18:12:44","2016-06-09 19:25:19"
"181","C-003","一般社団法人　葛西地震研究所","葛西観測所−Ａ","3","2016-06-07 18:13:44","2016-06-09 19:25:19"
"182","C-003","一般社団法人　葛西地震研究所","葛西観測所−Ａ","20","2016-06-07 18:14:44","2016-06-09 19:25:19"
"183","C-003","一般社団法人　葛西地震研究所","葛西観測所−Ａ","16","2016-06-07 18:15:44","2016-06-09 19:25:19"
"184","C-003","一般社団法人　葛西地震研究所","葛西観測所−Ａ","0","2016-06-07 18:16:44","2016-06-09 19:25:19"
"185","C-003","一般社団法人　葛西地震研究所","葛西観測所−Ａ","16","2016-06-07 18:17:44","2016-06-09 19:25:19"
"186","C-003","一般社団法人　葛西地震研究所","葛西観測所−Ａ","15","2016-06-07 18:18:44","2016-06-09 19:25:19"
"187","C-003","一般社団法人　葛西地震研究所","葛西観測所−Ａ","13","2016-06-07 18:19:44","2016-06-09 19:25:19"
"188","C-003","一般社団法人　葛西地震研究所","葛西観測所−Ａ","15","2016-06-07 18:20:44","2016-06-09 19:25:19"
"189","C-003","一般社団法人　葛西地震研究所","葛西観測所−Ａ","0","2016-06-07 18:21:44","2016-06-09 19:25:20"
"190","C-003","一般社団法人　葛西地震研究所","葛西観測所−Ａ","16","2016-06-07 18:22:44","2016-06-09 19:25:20"
"191","C-003","一般社団法人　葛西地震研究所","葛西観測所−Ａ","16","2016-06-07 18:23:44","2016-06-09 19:25:20"
"192","C-003","一般社団法人　葛西地震研究所","葛西観測所−Ａ","17","2016-06-07 18:24:44","2016-06-09 19:25:20"
"193","C-003","一般社団法人　葛西地震研究所","葛西観測所−Ａ","15","2016-06-07 18:25:44","2016-06-09 19:25:20"
"194","C-003","一般社団法人　葛西地震研究所","葛西観測所−Ａ","0","2016-06-07 18:26:44","2016-06-09 19:25:20"
"195","C-003","一般社団法人　葛西地震研究所","葛西観測所−Ａ","16","2016-06-07 18:27:44","2016-06-09 19:25:20"
"196","C-003","一般社団法人　葛西地震研究所","葛西観測所−Ａ","17","2016-06-07 18:28:44","2016-06-09 19:25:20"
"197","C-003","一般社団法人　葛西地震研究所","葛西観測所−Ａ","14","2016-06-07 18:29:44","2016-06-09 19:25:20"
"198","C-003","一般社団法人　葛西地震研究所","葛西観測所−Ａ","13","2016-06-07 18:30:44","2016-06-09 19:25:20"
"199","C-003","一般社団法人　葛西地震研究所","葛西観測所−Ａ","0","2016-06-07 18:31:44","2016-06-09 19:25:20"
"200","C-003","一般社団法人　葛西地震研究所","葛西観測所−Ａ","27","2016-06-07 18:32:44","2016-06-09 19:25:20"
"201","C-003","一般社団法人　葛西地震研究所","葛西観測所−Ａ","32","2016-06-07 18:33:44","2016-06-09 19:25:20"
"202","C-003","一般社団法人　葛西地震研究所","葛西観測所−Ａ","25","2016-06-07 18:34:44","2016-06-09 19:25:20"
"203","C-003","一般社団法人　葛西地震研究所","葛西観測所−Ａ","30","2016-06-07 18:35:44","2016-06-09 19:25:20"
"204","C-003","一般社団法人　葛西地震研究所","葛西観測所−Ａ","0","2016-06-07 18:36:44","2016-06-09 19:25:20"
"205","C-003","一般社団法人　葛西地震研究所","葛西観測所−Ａ","35","2016-06-07 18:37:44","2016-06-09 19:25:20"
"206","C-003","一般社団法人　葛西地震研究所","葛西観測所−Ａ","33","2016-06-07 18:38:44","2016-06-09 19:25:20"
"207","C-003","一般社団法人　葛西地震研究所","葛西観測所−Ａ","28","2016-06-07 18:39:44","2016-06-09 19:25:20"
"208","C-003","一般社団法人　葛西地震研究所","葛西観測所−Ａ","22","2016-06-07 18:40:44","2016-06-09 19:25:20"
"209","C-003","一般社団法人　葛西地震研究所","葛西観測所−Ａ","0","2016-06-07 18:41:44","2016-06-09 19:25:20"
"210","C-003","一般社団法人　葛西地震研究所","葛西観測所−Ａ","29","2016-06-07 18:42:44","2016-06-09 19:25:20"
"211","C-003","一般社団法人　葛西地震研究所","葛西観測所−Ａ","28","2016-06-07 18:43:44","2016-06-09 19:25:20"
"212","C-003","一般社団法人　葛西地震研究所","葛西観測所−Ａ","30","2016-06-07 18:44:44","2016-06-09 19:25:20"
"213","C-003","一般社団法人　葛西地震研究所","葛西観測所−Ａ","30","2016-06-07 18:45:44","2016-06-09 19:25:20"
"214","C-003","一般社団法人　葛西地震研究所","葛西観測所−Ａ","0","2016-06-07 18:46:44","2016-06-09 19:25:20"
"215","C-003","一般社団法人　葛西地震研究所","葛西観測所−Ａ","30","2016-06-07 18:47:44","2016-06-09 19:25:21"
"216","C-003","一般社団法人　葛西地震研究所","葛西観測所−Ａ","36","2016-06-07 18:48:44","2016-06-09 19:25:21"
"217","C-003","一般社団法人　葛西地震研究所","葛西観測所−Ａ","36","2016-06-07 18:49:44","2016-06-09 19:25:21"
"218","C-003","一般社団法人　葛西地震研究所","葛西観測所−Ａ","25","2016-06-07 18:50:44","2016-06-09 19:25:21"
"219","C-003","一般社団法人　葛西地震研究所","葛西観測所−Ａ","0","2016-06-07 18:51:44","2016-06-09 19:25:21"
"220","C-003","一般社団法人　葛西地震研究所","葛西観測所−Ａ","34","2016-06-07 18:52:44","2016-06-09 19:25:21"
"221","C-003","一般社団法人　葛西地震研究所","葛西観測所−Ａ","25","2016-06-07 18:53:44","2016-06-09 19:25:21"
"222","C-003","一般社団法人　葛西地震研究所","葛西観測所−Ａ","21","2016-06-07 18:54:45","2016-06-09 19:25:21"
"223","C-003","一般社団法人　葛西地震研究所","葛西観測所−Ａ","33","2016-06-07 18:55:45","2016-06-09 19:25:21"
"224","C-003","一般社団法人　葛西地震研究所","葛西観測所−Ａ","0","2016-06-07 18:56:45","2016-06-09 19:25:21"
"225","C-003","一般社団法人　葛西地震研究所","葛西観測所−Ａ","34","2016-06-07 18:57:45","2016-06-09 19:25:21"
"226","C-003","一般社団法人　葛西地震研究所","葛西観測所−Ａ","34","2016-06-07 18:58:45","2016-06-09 19:25:21"
"227","C-003","一般社団法人　葛西地震研究所","葛西観測所−Ａ","39","2016-06-07 18:59:45","2016-06-09 19:25:21"
"228","C-003","一般社団法人　葛西地震研究所","葛西観測所−Ａ","35","2016-06-07 19:00:45","2016-06-09 19:25:21"
"229","C-003","一般社団法人　葛西地震研究所","葛西観測所−Ａ","0","2016-06-07 19:01:45","2016-06-09 19:25:21"
"230","C-003","一般社団法人　葛西地震研究所","葛西観測所−Ａ","20","2016-06-07 19:02:45","2016-06-09 19:25:21"
"231","C-003","一般社団法人　葛西地震研究所","葛西観測所−Ａ","36","2016-06-07 19:03:45","2016-06-09 19:25:21"
"232","C-003","一般社団法人　葛西地震研究所","葛西観測所−Ａ","28","2016-06-07 19:04:45","2016-06-09 19:25:21"
"233","C-003","一般社団法人　葛西地震研究所","葛西観測所−Ａ","21","2016-06-07 19:05:45","2016-06-09 19:25:21"
"234","C-003","一般社団法人　葛西地震研究所","葛西観測所−Ａ","0","2016-06-07 19:06:45","2016-06-09 19:25:21"
"235","C-003","一般社団法人　葛西地震研究所","葛西観測所−Ａ","37","2016-06-07 19:07:45","2016-06-09 19:25:22"
"236","C-003","一般社団法人　葛西地震研究所","葛西観測所−Ａ","31","2016-06-07 19:08:45","2016-06-09 19:25:22"
"237","C-003","一般社団法人　葛西地震研究所","葛西観測所−Ａ","31","2016-06-07 19:09:45","2016-06-09 19:25:22"
"238","C-003","一般社団法人　葛西地震研究所","葛西観測所−Ａ","35","2016-06-07 19:10:45","2016-06-09 19:25:22"
"239","C-003","一般社団法人　葛西地震研究所","葛西観測所−Ａ","0","2016-06-07 19:11:45","2016-06-09 19:25:22"
"240","C-003","一般社団法人　葛西地震研究所","葛西観測所−Ａ","27","2016-06-07 19:12:45","2016-06-09 19:25:22"
"241","C-003","一般社団法人　葛西地震研究所","葛西観測所−Ａ","29","2016-06-07 19:13:45","2016-06-09 19:25:22"
"242","C-003","一般社団法人　葛西地震研究所","葛西観測所−Ａ","27","2016-06-07 19:14:45","2016-06-09 19:25:22"
"243","C-003","一般社団法人　葛西地震研究所","葛西観測所−Ａ","22","2016-06-07 19:15:45","2016-06-09 19:25:22"
"244","C-003","一般社団法人　葛西地震研究所","葛西観測所−Ａ","0","2016-06-07 19:16:45","2016-06-09 19:25:22"
"245","C-003","一般社団法人　葛西地震研究所","葛西観測所−Ａ","39","2016-06-07 19:17:45","2016-06-09 19:25:22"
"246","C-003","一般社団法人　葛西地震研究所","葛西観測所−Ａ","32","2016-06-07 19:18:45","2016-06-09 19:25:22"
"247","C-003","一般社団法人　葛西地震研究所","葛西観測所−Ａ","25","2016-06-07 19:19:45","2016-06-09 19:25:22"
"248","C-003","一般社団法人　葛西地震研究所","葛西観測所−Ａ","29","2016-06-07 19:20:45","2016-06-09 19:25:22"
"249","C-003","一般社団法人　葛西地震研究所","葛西観測所−Ａ","0","2016-06-07 19:21:45","2016-06-09 19:25:22"
"250","C-003","一般社団法人　葛西地震研究所","葛西観測所−Ａ","22","2016-06-07 19:22:45","2016-06-09 19:25:22"
"251","C-003","一般社団法人　葛西地震研究所","葛西観測所−Ａ","28","2016-06-07 19:23:45","2016-06-09 19:25:22"
"252","C-003","一般社団法人　葛西地震研究所","葛西観測所−Ａ","34","2016-06-07 19:24:45","2016-06-09 19:25:22"
"253","C-003","一般社団法人　葛西地震研究所","葛西観測所−Ａ","34","2016-06-07 19:25:45","2016-06-09 19:25:22"
"254","C-003","一般社団法人　葛西地震研究所","葛西観測所−Ａ","0","2016-06-07 19:26:45","2016-06-09 19:25:22"
"255","C-003","一般社団法人　葛西地震研究所","葛西観測所−Ａ","31","2016-06-07 19:27:45","2016-06-09 19:25:22"
"256","C-003","一般社団法人　葛西地震研究所","葛西観測所−Ａ","36","2016-06-07 19:28:45","2016-06-09 19:25:22"
"257","C-003","一般社団法人　葛西地震研究所","葛西観測所−Ａ","26","2016-06-07 19:29:45","2016-06-09 19:25:22"
"258","C-003","一般社団法人　葛西地震研究所","葛西観測所−Ａ","31","2016-06-07 19:30:45","2016-06-09 19:25:22"
"259","C-003","一般社団法人　葛西地震研究所","葛西観測所−Ａ","0","2016-06-07 19:31:45","2016-06-09 19:25:22"
"260","C-003","一般社団法人　葛西地震研究所","葛西観測所−Ａ","32","2016-06-07 19:32:45","2016-06-09 19:25:22"
"261","C-003","一般社団法人　葛西地震研究所","葛西観測所−Ａ","33","2016-06-07 19:33:45","2016-06-09 19:25:22"
"262","C-003","一般社団法人　葛西地震研究所","葛西観測所−Ａ","35","2016-06-07 19:34:45","2016-06-09 19:25:23"
"263","C-003","一般社団法人　葛西地震研究所","葛西観測所−Ａ","34","2016-06-07 19:35:45","2016-06-09 19:25:23"
"264","C-003","一般社団法人　葛西地震研究所","葛西観測所−Ａ","0","2016-06-07 19:36:45","2016-06-09 19:25:23"
"265","C-003","一般社団法人　葛西地震研究所","葛西観測所−Ａ","26","2016-06-07 19:37:45","2016-06-09 19:25:23"
"266","C-003","一般社団法人　葛西地震研究所","葛西観測所−Ａ","26","2016-06-07 19:38:45","2016-06-09 19:25:23"
"267","C-003","一般社団法人　葛西地震研究所","葛西観測所−Ａ","23","2016-06-07 19:39:45","2016-06-09 19:25:23"
"268","C-003","一般社団法人　葛西地震研究所","葛西観測所−Ａ","28","2016-06-07 19:40:45","2016-06-09 19:25:23"
"269","C-003","一般社団法人　葛西地震研究所","葛西観測所−Ａ","0","2016-06-07 19:41:45","2016-06-09 19:25:23"
"270","C-003","一般社団法人　葛西地震研究所","葛西観測所−Ａ","33","2016-06-07 19:42:45","2016-06-09 19:25:23"
"271","C-003","一般社団法人　葛西地震研究所","葛西観測所−Ａ","29","2016-06-07 19:43:45","2016-06-09 19:25:23"
"272","C-003","一般社団法人　葛西地震研究所","葛西観測所−Ａ","24","2016-06-07 19:44:45","2016-06-09 19:25:23"
"273","C-003","一般社団法人　葛西地震研究所","葛西観測所−Ａ","33","2016-06-07 19:45:45","2016-06-09 19:25:23"
"274","C-003","一般社団法人　葛西地震研究所","葛西観測所−Ａ","0","2016-06-07 19:46:45","2016-06-09 19:25:23"
"275","C-003","一般社団法人　葛西地震研究所","葛西観測所−Ａ","33","2016-06-07 19:47:45","2016-06-09 19:25:23"
"276","C-003","一般社団法人　葛西地震研究所","葛西観測所−Ａ","31","2016-06-07 19:48:45","2016-06-09 19:25:23"
"277","C-003","一般社団法人　葛西地震研究所","葛西観測所−Ａ","32","2016-06-07 19:49:45","2016-06-09 19:25:23"
"278","C-003","一般社団法人　葛西地震研究所","葛西観測所−Ａ","29","2016-06-07 19:50:45","2016-06-09 19:25:23"
"279","C-003","一般社団法人　葛西地震研究所","葛西観測所−Ａ","0","2016-06-07 19:51:45","2016-06-09 19:25:23"
"280","C-003","一般社団法人　葛西地震研究所","葛西観測所−Ａ","23","2016-06-07 19:52:45","2016-06-09 19:25:23"
"281","C-003","一般社団法人　葛西地震研究所","葛西観測所−Ａ","32","2016-06-07 19:53:45","2016-06-09 19:25:23"
"282","C-003","一般社団法人　葛西地震研究所","葛西観測所−Ａ","33","2016-06-07 19:54:45","2016-06-09 19:25:23"
"283","C-003","一般社団法人　葛西地震研究所","葛西観測所−Ａ","34","2016-06-07 19:55:45","2016-06-09 19:25:23"
"284","C-003","一般社団法人　葛西地震研究所","葛西観測所−Ａ","0","2016-06-07 19:56:45","2016-06-09 19:25:23"
"285","C-003","一般社団法人　葛西地震研究所","葛西観測所−Ａ","30","2016-06-07 19:57:45","2016-06-09 19:25:23"
"286","C-003","一般社団法人　葛西地震研究所","葛西観測所−Ａ","33","2016-06-07 19:58:45","2016-06-09 19:25:23"
"287","C-003","一般社団法人　葛西地震研究所","葛西観測所−Ａ","32","2016-06-07 19:59:45","2016-06-09 19:25:23"
"288","C-003","一般社団法人　葛西地震研究所","葛西観測所−Ａ","24","2016-06-07 20:00:45","2016-06-09 19:25:24"
"289","C-003","一般社団法人　葛西地震研究所","葛西観測所−Ａ","0","2016-06-07 20:01:45","2016-06-09 19:25:24"
"290","C-003","一般社団法人　葛西地震研究所","葛西観測所−Ａ","26","2016-06-07 20:02:45","2016-06-09 19:25:24"
"291","C-003","一般社団法人　葛西地震研究所","葛西観測所−Ａ","35","2016-06-07 20:03:45","2016-06-09 19:25:24"
"292","C-003","一般社団法人　葛西地震研究所","葛西観測所−Ａ","35","2016-06-07 20:04:45","2016-06-09 19:25:24"
"293","C-003","一般社団法人　葛西地震研究所","葛西観測所−Ａ","34","2016-06-07 20:05:45","2016-06-09 19:25:24"
"294","C-003","一般社団法人　葛西地震研究所","葛西観測所−Ａ","0","2016-06-07 20:06:45","2016-06-09 19:25:24"
"295","C-003","一般社団法人　葛西地震研究所","葛西観測所−Ａ","30","2016-06-07 20:07:45","2016-06-09 19:25:24"
"296","C-003","一般社団法人　葛西地震研究所","葛西観測所−Ａ","29","2016-06-07 20:08:46","2016-06-09 19:25:24"
"297","C-003","一般社団法人　葛西地震研究所","葛西観測所−Ａ","27","2016-06-07 20:09:46","2016-06-09 19:25:24"
"298","C-003","一般社団法人　葛西地震研究所","葛西観測所−Ａ","29","2016-06-07 20:10:46","2016-06-09 19:25:24"
"299","C-003","一般社団法人　葛西地震研究所","葛西観測所−Ａ","0","2016-06-07 20:11:46","2016-06-09 19:25:24"
"300","C-003","一般社団法人　葛西地震研究所","葛西観測所−Ａ","33","2016-06-07 20:12:46","2016-06-09 19:25:24"
"301","C-003","一般社団法人　葛西地震研究所","葛西観測所−Ａ","28","2016-06-07 20:13:46","2016-06-09 19:25:24"
"302","C-003","一般社団法人　葛西地震研究所","葛西観測所−Ａ","34","2016-06-07 20:14:46","2016-06-09 19:25:24"
"303","C-003","一般社団法人　葛西地震研究所","葛西観測所−Ａ","32","2016-06-07 20:15:46","2016-06-09 19:25:24"
"304","C-003","一般社団法人　葛西地震研究所","葛西観測所−Ａ","0","2016-06-07 20:16:46","2016-06-09 19:25:24"
"305","C-003","一般社団法人　葛西地震研究所","葛西観測所−Ａ","40","2016-06-07 20:17:46","2016-06-09 19:25:24"
"306","C-003","一般社団法人　葛西地震研究所","葛西観測所−Ａ","39","2016-06-07 20:18:46","2016-06-09 19:25:24"
"307","C-003","一般社団法人　葛西地震研究所","葛西観測所−Ａ","34","2016-06-07 20:19:46","2016-06-09 19:25:24"
"308","C-003","一般社団法人　葛西地震研究所","葛西観測所−Ａ","40","2016-06-07 20:20:46","2016-06-09 19:25:24"
"309","C-003","一般社団法人　葛西地震研究所","葛西観測所−Ａ","0","2016-06-07 20:21:46","2016-06-09 19:25:24"
"310","C-003","一般社団法人　葛西地震研究所","葛西観測所−Ａ","41","2016-06-07 20:22:46","2016-06-09 19:25:24"
"311","C-003","一般社団法人　葛西地震研究所","葛西観測所−Ａ","40","2016-06-07 20:23:46","2016-06-09 19:25:24"
"312","C-003","一般社団法人　葛西地震研究所","葛西観測所−Ａ","27","2016-06-07 20:24:46","2016-06-09 19:25:24"
"313","C-003","一般社団法人　葛西地震研究所","葛西観測所−Ａ","43","2016-06-07 20:25:46","2016-06-09 19:25:24"
"314","C-003","一般社団法人　葛西地震研究所","葛西観測所−Ａ","0","2016-06-07 20:26:46","2016-06-09 19:25:25"
"315","C-003","一般社団法人　葛西地震研究所","葛西観測所−Ａ","44","2016-06-07 20:27:46","2016-06-09 19:25:25"
"316","C-003","一般社団法人　葛西地震研究所","葛西観測所−Ａ","38","2016-06-07 20:28:46","2016-06-09 19:25:25"
"317","C-003","一般社団法人　葛西地震研究所","葛西観測所−Ａ","25","2016-06-07 20:29:46","2016-06-09 19:25:25"
"318","C-003","一般社団法人　葛西地震研究所","葛西観測所−Ａ","28","2016-06-07 20:30:46","2016-06-09 19:25:25"
"319","C-003","一般社団法人　葛西地震研究所","葛西観測所−Ａ","0","2016-06-07 20:31:46","2016-06-09 19:25:25"
"320","C-003","一般社団法人　葛西地震研究所","葛西観測所−Ａ","38","2016-06-07 20:32:46","2016-06-09 19:25:25"
"321","C-003","一般社団法人　葛西地震研究所","葛西観測所−Ａ","37","2016-06-07 20:33:46","2016-06-09 19:25:25"
"322","C-003","一般社団法人　葛西地震研究所","葛西観測所−Ａ","26","2016-06-07 20:34:46","2016-06-09 19:25:25"
"323","C-003","一般社団法人　葛西地震研究所","葛西観測所−Ａ","31","2016-06-07 20:35:46","2016-06-09 19:25:25"
"324","C-003","一般社団法人　葛西地震研究所","葛西観測所−Ａ","0","2016-06-07 20:36:46","2016-06-09 19:25:25"
"325","C-003","一般社団法人　葛西地震研究所","葛西観測所−Ａ","27","2016-06-07 20:37:46","2016-06-09 19:25:25"
"326","C-003","一般社団法人　葛西地震研究所","葛西観測所−Ａ","28","2016-06-07 20:38:46","2016-06-09 19:25:25"
"327","C-003","一般社団法人　葛西地震研究所","葛西観測所−Ａ","27","2016-06-07 20:39:46","2016-06-09 19:25:25"
"328","C-003","一般社団法人　葛西地震研究所","葛西観測所−Ａ","31","2016-06-07 20:40:46","2016-06-09 19:25:25"
"329","C-003","一般社団法人　葛西地震研究所","葛西観測所−Ａ","0","2016-06-07 20:41:46","2016-06-09 19:25:25"
"330","C-003","一般社団法人　葛西地震研究所","葛西観測所−Ａ","32","2016-06-07 20:42:46","2016-06-09 19:25:25"
"331","C-003","一般社団法人　葛西地震研究所","葛西観測所−Ａ","34","2016-06-07 20:43:46","2016-06-09 19:25:25"
"332","C-003","一般社団法人　葛西地震研究所","葛西観測所−Ａ","29","2016-06-07 20:44:46","2016-06-09 19:25:25"
"333","C-003","一般社団法人　葛西地震研究所","葛西観測所−Ａ","27","2016-06-07 20:45:46","2016-06-09 19:25:25"
"334","C-003","一般社団法人　葛西地震研究所","葛西観測所−Ａ","0","2016-06-07 20:46:46","2016-06-09 19:25:25"
"335","C-003","一般社団法人　葛西地震研究所","葛西観測所−Ａ","35","2016-06-07 20:47:46","2016-06-09 19:25:26"
"336","C-003","一般社団法人　葛西地震研究所","葛西観測所−Ａ","34","2016-06-07 20:48:46","2016-06-09 19:25:26"
"337","C-003","一般社団法人　葛西地震研究所","葛西観測所−Ａ","35","2016-06-07 20:49:46","2016-06-09 19:25:26"
"338","C-003","一般社団法人　葛西地震研究所","葛西観測所−Ａ","27","2016-06-07 20:50:46","2016-06-09 19:25:26"
"339","C-003","一般社団法人　葛西地震研究所","葛西観測所−Ａ","0","2016-06-07 20:51:46","2016-06-09 19:25:26"
"340","C-003","一般社団法人　葛西地震研究所","葛西観測所−Ａ","32","2016-06-07 20:52:46","2016-06-09 19:25:26"
"341","C-003","一般社団法人　葛西地震研究所","葛西観測所−Ａ","32","2016-06-07 20:53:46","2016-06-09 19:25:26"
"342","C-003","一般社団法人　葛西地震研究所","葛西観測所−Ａ","21","2016-06-07 20:54:46","2016-06-09 19:25:26"
"343","C-003","一般社団法人　葛西地震研究所","葛西観測所−Ａ","35","2016-06-07 20:55:46","2016-06-09 19:25:26"
"344","C-003","一般社団法人　葛西地震研究所","葛西観測所−Ａ","0","2016-06-07 20:56:46","2016-06-09 19:25:26"
"345","C-003","一般社団法人　葛西地震研究所","葛西観測所−Ａ","33","2016-06-07 20:57:46","2016-06-09 19:25:26"
"346","C-003","一般社団法人　葛西地震研究所","葛西観測所−Ａ","29","2016-06-07 20:58:46","2016-06-09 19:25:26"
"347","C-003","一般社団法人　葛西地震研究所","葛西観測所−Ａ","43","2016-06-07 20:59:46","2016-06-09 19:25:26"
"348","C-003","一般社団法人　葛西地震研究所","葛西観測所−Ａ","43","2016-06-07 21:00:46","2016-06-09 19:25:26"
"349","C-003","一般社団法人　葛西地震研究所","葛西観測所−Ａ","0","2016-06-07 21:01:46","2016-06-09 19:25:26"
"350","C-003","一般社団法人　葛西地震研究所","葛西観測所−Ａ","0","2016-06-07 21:02:46","2016-06-09 19:25:26"
"351","C-003","一般社団法人　葛西地震研究所","葛西観測所−Ａ","0","2016-06-07 21:03:46","2016-06-09 19:25:26"
"352","C-003","一般社団法人　葛西地震研究所","葛西観測所−Ａ","0","2016-06-07 21:04:46","2016-06-09 19:25:26"
"353","C-003","一般社団法人　葛西地震研究所","葛西観測所−Ａ","0","2016-06-07 21:05:46","2016-06-09 19:25:26"
"354","C-003","一般社団法人　葛西地震研究所","葛西観測所−Ａ","0","2016-06-07 21:06:46","2016-06-09 19:25:26"
"355","C-003","一般社団法人　葛西地震研究所","葛西観測所−Ａ","0","2016-06-07 21:07:46","2016-06-09 19:25:27"
"356","C-003","一般社団法人　葛西地震研究所","葛西観測所−Ａ","0","2016-06-07 21:08:46","2016-06-09 19:25:27"
"357","C-003","一般社団法人　葛西地震研究所","葛西観測所−Ａ","0","2016-06-07 21:09:46","2016-06-09 19:25:27"
"358","C-003","一般社団法人　葛西地震研究所","葛西観測所−Ａ","1","2016-06-07 21:10:46","2016-06-09 19:25:27"
"359","C-003","一般社団法人　葛西地震研究所","葛西観測所−Ａ","0","2016-06-07 21:11:46","2016-06-09 19:25:27"
"360","C-003","一般社団法人　葛西地震研究所","葛西観測所−Ａ","0","2016-06-07 21:12:46","2016-06-09 19:25:27"
"361","C-003","一般社団法人　葛西地震研究所","葛西観測所−Ａ","0","2016-06-07 21:13:46","2016-06-09 19:25:27"
"362","C-003","一般社団法人　葛西地震研究所","葛西観測所−Ａ","0","2016-06-07 21:14:46","2016-06-09 19:25:27"
"363","C-003","一般社団法人　葛西地震研究所","葛西観測所−Ａ","0","2016-06-07 21:15:46","2016-06-09 19:25:27"
"364","C-003","一般社団法人　葛西地震研究所","葛西観測所−Ａ","0","2016-06-07 21:16:46","2016-06-09 19:25:27"
"365","C-003","一般社団法人　葛西地震研究所","葛西観測所−Ａ","0","2016-06-07 21:17:46","2016-06-09 19:25:27"
"366","C-003","一般社団法人　葛西地震研究所","葛西観測所−Ａ","0","2016-06-07 21:18:46","2016-06-09 19:25:27"
"367","C-003","一般社団法人　葛西地震研究所","葛西観測所−Ａ","0","2016-06-07 21:19:46","2016-06-09 19:25:27"
"368","C-003","一般社団法人　葛西地震研究所","葛西観測所−Ａ","1","2016-06-07 21:20:46","2016-06-09 19:25:27"
"369","C-003","一般社団法人　葛西地震研究所","葛西観測所−Ａ","0","2016-06-07 21:21:47","2016-06-09 19:25:27"
"370","C-003","一般社団法人　葛西地震研究所","葛西観測所−Ａ","0","2016-06-07 21:22:47","2016-06-09 19:25:27"
"371","C-003","一般社団法人　葛西地震研究所","葛西観測所−Ａ","0","2016-06-07 21:23:47","2016-06-09 19:25:27"
"372","C-003","一般社団法人　葛西地震研究所","葛西観測所−Ａ","0","2016-06-07 21:24:47","2016-06-09 19:25:27"
"373","C-003","一般社団法人　葛西地震研究所","葛西観測所−Ａ","0","2016-06-07 21:25:47","2016-06-09 19:25:27"
"374","C-003","一般社団法人　葛西地震研究所","葛西観測所−Ａ","0","2016-06-07 21:26:47","2016-06-09 19:25:27"
"375","C-003","一般社団法人　葛西地震研究所","葛西観測所−Ａ","0","2016-06-07 21:27:47","2016-06-09 19:25:27"
"376","C-003","一般社団法人　葛西地震研究所","葛西観測所−Ａ","0","2016-06-07 21:28:47","2016-06-09 19:25:27"
"377","C-003","一般社団法人　葛西地震研究所","葛西観測所−Ａ","0","2016-06-07 21:29:47","2016-06-09 19:25:28"
"378","C-003","一般社団法人　葛西地震研究所","葛西観測所−Ａ","0","2016-06-07 21:30:47","2016-06-09 19:25:28"
"379","C-003","一般社団法人　葛西地震研究所","葛西観測所−Ａ","0","2016-06-07 21:31:47","2016-06-09 19:25:28"
"380","C-003","一般社団法人　葛西地震研究所","葛西観測所−Ａ","0","2016-06-07 21:32:47","2016-06-09 19:25:28"
"381","C-003","一般社団法人　葛西地震研究所","葛西観測所−Ａ","1","2016-06-07 21:33:47","2016-06-09 19:25:28"
"382","C-003","一般社団法人　葛西地震研究所","葛西観測所−Ａ","0","2016-06-07 21:34:47","2016-06-09 19:25:28"
"383","C-003","一般社団法人　葛西地震研究所","葛西観測所−Ａ","0","2016-06-07 21:35:47","2016-06-09 19:25:28"
"384","C-003","一般社団法人　葛西地震研究所","葛西観測所−Ａ","0","2016-06-07 21:36:47","2016-06-09 19:25:28"
"385","C-003","一般社団法人　葛西地震研究所","葛西観測所−Ａ","1","2016-06-07 21:37:47","2016-06-09 19:25:28"
"386","C-003","一般社団法人　葛西地震研究所","葛西観測所−Ａ","0","2016-06-07 21:38:47","2016-06-09 19:25:28"
"387","C-003","一般社団法人　葛西地震研究所","葛西観測所−Ａ","0","2016-06-07 21:39:47","2016-06-09 19:25:28"
"388","C-003","一般社団法人　葛西地震研究所","葛西観測所−Ａ","0","2016-06-07 21:40:47","2016-06-09 19:25:28"
"389","C-003","一般社団法人　葛西地震研究所","葛西観測所−Ａ","0","2016-06-07 21:41:47","2016-06-09 19:25:28"
"390","C-003","一般社団法人　葛西地震研究所","葛西観測所−Ａ","0","2016-06-07 21:42:47","2016-06-09 19:25:28"
"391","C-003","一般社団法人　葛西地震研究所","葛西観測所−Ａ","0","2016-06-07 21:43:47","2016-06-09 19:25:28"
"392","C-003","一般社団法人　葛西地震研究所","葛西観測所−Ａ","1","2016-06-07 21:44:47","2016-06-09 19:25:28"
"393","C-003","一般社団法人　葛西地震研究所","葛西観測所−Ａ","0","2016-06-07 21:45:47","2016-06-09 19:25:28"
"394","C-003","一般社団法人　葛西地震研究所","葛西観測所−Ａ","0","2016-06-07 21:46:47","2016-06-09 19:25:28"
"395","C-003","一般社団法人　葛西地震研究所","葛西観測所−Ａ","0","2016-06-07 21:47:47","2016-06-09 19:25:28"
"396","C-003","一般社団法人　葛西地震研究所","葛西観測所−Ａ","0","2016-06-07 21:48:47","2016-06-09 19:25:28"
"397","C-003","一般社団法人　葛西地震研究所","葛西観測所−Ａ","0","2016-06-07 21:49:47","2016-06-09 19:25:28"
"398","C-003","一般社団法人　葛西地震研究所","葛西観測所−Ａ","0","2016-06-07 21:50:47","2016-06-09 19:25:28"
"399","C-003","一般社団法人　葛西地震研究所","葛西観測所−Ａ","0","2016-06-07 21:51:47","2016-06-09 19:25:28"
"400","C-003","一般社団法人　葛西地震研究所","葛西観測所−Ａ","1","2016-06-07 21:52:47","2016-06-09 19:25:28"
"401","C-003","一般社団法人　葛西地震研究所","葛西観測所−Ａ","1","2016-06-07 21:53:47","2016-06-09 19:25:29"
"402","C-003","一般社団法人　葛西地震研究所","葛西観測所−Ａ","1","2016-06-07 21:54:47","2016-06-09 19:25:29"
"403","C-003","一般社団法人　葛西地震研究所","葛西観測所−Ａ","1","2016-06-07 21:55:47","2016-06-09 19:25:29"
"404","C-003","一般社団法人　葛西地震研究所","葛西観測所−Ａ","0","2016-06-07 21:56:47","2016-06-09 19:25:29"
"405","C-003","一般社団法人　葛西地震研究所","葛西観測所−Ａ","0","2016-06-07 21:57:47","2016-06-09 19:25:29"
"406","C-003","一般社団法人　葛西地震研究所","葛西観測所−Ａ","0","2016-06-07 21:58:47","2016-06-09 19:25:29"
"407","C-003","一般社団法人　葛西地震研究所","葛西観測所−Ａ","0","2016-06-07 21:59:47","2016-06-09 19:25:29"
"408","C-003","一般社団法人　葛西地震研究所","葛西観測所−Ａ","1","2016-06-07 22:00:47","2016-06-09 19:25:29"
"409","C-003","一般社団法人　葛西地震研究所","葛西観測所−Ａ","0","2016-06-07 22:01:47","2016-06-09 19:25:29"
"410","C-003","一般社団法人　葛西地震研究所","葛西観測所−Ａ","1","2016-06-07 22:02:47","2016-06-09 19:25:29"
"411","C-003","一般社団法人　葛西地震研究所","葛西観測所−Ａ","1","2016-06-07 22:03:47","2016-06-09 19:25:29"
"412","C-003","一般社団法人　葛西地震研究所","葛西観測所−Ａ","0","2016-06-07 22:04:47","2016-06-09 19:25:29"
"413","C-003","一般社団法人　葛西地震研究所","葛西観測所−Ａ","0","2016-06-07 22:05:47","2016-06-09 19:25:29"
"414","C-003","一般社団法人　葛西地震研究所","葛西観測所−Ａ","0","2016-06-07 22:06:47","2016-06-09 19:25:29"
"415","C-003","一般社団法人　葛西地震研究所","葛西観測所−Ａ","0","2016-06-07 22:07:47","2016-06-09 19:25:29"
"416","C-003","一般社団法人　葛西地震研究所","葛西観測所−Ａ","0","2016-06-07 22:08:47","2016-06-09 19:25:29"
"417","C-003","一般社団法人　葛西地震研究所","葛西観測所−Ａ","0","2016-06-07 22:09:47","2016-06-09 19:25:29"
"418","C-003","一般社団法人　葛西地震研究所","葛西観測所−Ａ","0","2016-06-07 22:10:47","2016-06-09 19:25:29"
"419","C-003","一般社団法人　葛西地震研究所","葛西観測所−Ａ","0","2016-06-07 22:11:47","2016-06-09 19:25:29"
"420","C-003","一般社団法人　葛西地震研究所","葛西観測所−Ａ","1","2016-06-07 22:12:47","2016-06-09 19:25:29"
"421","C-003","一般社団法人　葛西地震研究所","葛西観測所−Ａ","1","2016-06-07 22:13:47","2016-06-09 19:25:29"
"422","C-003","一般社団法人　葛西地震研究所","葛西観測所−Ａ","1","2016-06-07 22:14:47","2016-06-09 19:25:29"
"423","C-003","一般社団法人　葛西地震研究所","葛西観測所−Ａ","1","2016-06-07 22:15:47","2016-06-09 19:25:29"
"424","C-003","一般社団法人　葛西地震研究所","葛西観測所−Ａ","0","2016-06-07 22:16:47","2016-06-09 19:25:29"
"425","C-003","一般社団法人　葛西地震研究所","葛西観測所−Ａ","0","2016-06-07 22:17:47","2016-06-09 19:25:29"
"426","C-003","一般社団法人　葛西地震研究所","葛西観測所−Ａ","1","2016-06-07 22:18:47","2016-06-09 19:25:29"
"427","C-003","一般社団法人　葛西地震研究所","葛西観測所−Ａ","0","2016-06-07 22:19:47","2016-06-09 19:25:29"
"428","C-003","一般社団法人　葛西地震研究所","葛西観測所−Ａ","1","2016-06-07 22:20:47","2016-06-09 19:25:29"
"429","C-003","一般社団法人　葛西地震研究所","葛西観測所−Ａ","0","2016-06-07 22:21:47","2016-06-09 19:25:30"
"430","C-003","一般社団法人　葛西地震研究所","葛西観測所−Ａ","0","2016-06-07 22:22:47","2016-06-09 19:25:30"
"431","C-003","一般社団法人　葛西地震研究所","葛西観測所−Ａ","0","2016-06-07 22:23:47","2016-06-09 19:25:30"
"432","C-003","一般社団法人　葛西地震研究所","葛西観測所−Ａ","0","2016-06-07 22:24:47","2016-06-09 19:25:30"
"433","C-003","一般社団法人　葛西地震研究所","葛西観測所−Ａ","0","2016-06-07 22:25:47","2016-06-09 19:25:30"
"434","C-003","一般社団法人　葛西地震研究所","葛西観測所−Ａ","0","2016-06-07 22:26:47","2016-06-09 19:25:30"
"435","C-003","一般社団法人　葛西地震研究所","葛西観測所−Ａ","1","2016-06-07 22:27:47","2016-06-09 19:25:30"
"436","C-003","一般社団法人　葛西地震研究所","葛西観測所−Ａ","1","2016-06-07 22:28:47","2016-06-09 19:25:30"
"437","C-003","一般社団法人　葛西地震研究所","葛西観測所−Ａ","1","2016-06-07 22:29:47","2016-06-09 19:25:30"
"438","C-003","一般社団法人　葛西地震研究所","葛西観測所−Ａ","1","2016-06-07 22:30:47","2016-06-09 19:25:30"
"439","C-003","一般社団法人　葛西地震研究所","葛西観測所−Ａ","0","2016-06-07 22:31:47","2016-06-09 19:25:30"
"440","C-003","一般社団法人　葛西地震研究所","葛西観測所−Ａ","0","2016-06-07 22:32:47","2016-06-09 19:25:30"
"441","C-003","一般社団法人　葛西地震研究所","葛西観測所−Ａ","0","2016-06-07 22:33:47","2016-06-09 19:25:30"
"442","C-003","一般社団法人　葛西地震研究所","葛西観測所−Ａ","0","2016-06-07 22:34:47","2016-06-09 19:25:30"
"443","C-003","一般社団法人　葛西地震研究所","葛西観測所−Ａ","0","2016-06-07 22:35:48","2016-06-09 19:25:30"
"444","C-003","一般社団法人　葛西地震研究所","葛西観測所−Ａ","0","2016-06-07 22:36:48","2016-06-09 19:25:30"
"445","C-003","一般社団法人　葛西地震研究所","葛西観測所−Ａ","1","2016-06-07 22:37:48","2016-06-09 19:25:30"
"446","C-003","一般社団法人　葛西地震研究所","葛西観測所−Ａ","0","2016-06-07 22:38:48","2016-06-09 19:25:30"
"447","C-003","一般社団法人　葛西地震研究所","葛西観測所−Ａ","0","2016-06-07 22:39:48","2016-06-09 19:25:30"
"448","C-003","一般社団法人　葛西地震研究所","葛西観測所−Ａ","0","2016-06-07 22:40:48","2016-06-09 19:25:30"
"449","C-003","一般社団法人　葛西地震研究所","葛西観測所−Ａ","0","2016-06-07 22:41:48","2016-06-09 19:25:30"
"450","C-003","一般社団法人　葛西地震研究所","葛西観測所−Ａ","0","2016-06-07 22:42:48","2016-06-09 19:25:31"
"451","C-003","一般社団法人　葛西地震研究所","葛西観測所−Ａ","0","2016-06-07 22:43:48","2016-06-09 19:25:31"
"452","C-003","一般社団法人　葛西地震研究所","葛西観測所−Ａ","0","2016-06-07 22:44:48","2016-06-09 19:25:31"
"453","C-003","一般社団法人　葛西地震研究所","葛西観測所−Ａ","0","2016-06-07 22:45:48","2016-06-09 19:25:31"
"454","C-003","一般社団法人　葛西地震研究所","葛西観測所−Ａ","0","2016-06-07 22:46:48","2016-06-09 19:25:31"
"455","C-003","一般社団法人　葛西地震研究所","葛西観測所−Ａ","0","2016-06-07 22:47:48","2016-06-09 19:25:31"
"456","C-003","一般社団法人　葛西地震研究所","葛西観測所−Ａ","0","2016-06-07 22:48:48","2016-06-09 19:25:31"
"457","C-003","一般社団法人　葛西地震研究所","葛西観測所−Ａ","0","2016-06-07 22:49:48","2016-06-09 19:25:31"
"458","C-003","一般社団法人　葛西地震研究所","葛西観測所−Ａ","1","2016-06-07 22:50:48","2016-06-09 19:25:31"
"459","C-003","一般社団法人　葛西地震研究所","葛西観測所−Ａ","0","2016-06-07 22:51:48","2016-06-09 19:25:31"
"460","C-003","一般社団法人　葛西地震研究所","葛西観測所−Ａ","0","2016-06-07 22:52:48","2016-06-09 19:25:31"
"461","C-003","一般社団法人　葛西地震研究所","葛西観測所−Ａ","0","2016-06-07 22:53:48","2016-06-09 19:25:31"
"462","C-003","一般社団法人　葛西地震研究所","葛西観測所−Ａ","0","2016-06-07 22:54:48","2016-06-09 19:25:31"
"463","C-003","一般社団法人　葛西地震研究所","葛西観測所−Ａ","0","2016-06-07 22:55:48","2016-06-09 19:25:31"
"464","C-003","一般社団法人　葛西地震研究所","葛西観測所−Ａ","0","2016-06-07 22:56:48","2016-06-09 19:25:31"
"465","C-003","一般社団法人　葛西地震研究所","葛西観測所−Ａ","0","2016-06-07 22:57:48","2016-06-09 19:25:31"
"466","C-003","一般社団法人　葛西地震研究所","葛西観測所−Ａ","0","2016-06-07 22:58:48","2016-06-09 19:25:31"
"467","C-003","一般社団法人　葛西地震研究所","葛西観測所−Ａ","0","2016-06-07 22:59:48","2016-06-09 19:25:31"
"468","C-003","一般社団法人　葛西地震研究所","葛西観測所−Ａ","0","2016-06-07 23:00:48","2016-06-09 19:25:31"
"469","C-003","一般社団法人　葛西地震研究所","葛西観測所−Ａ","0","2016-06-07 23:01:48","2016-06-09 19:25:32"
"470","C-003","一般社団法人　葛西地震研究所","葛西観測所−Ａ","0","2016-06-07 23:02:48","2016-06-09 19:25:32"
"471","C-003","一般社団法人　葛西地震研究所","葛西観測所−Ａ","0","2016-06-07 23:03:48","2016-06-09 19:25:32"
"472","C-003","一般社団法人　葛西地震研究所","葛西観測所−Ａ","0","2016-06-07 23:04:48","2016-06-09 19:25:32"
"473","C-003","一般社団法人　葛西地震研究所","葛西観測所−Ａ","0","2016-06-07 23:05:48","2016-06-09 19:25:32"
"474","C-003","一般社団法人　葛西地震研究所","葛西観測所−Ａ","0","2016-06-07 23:06:48","2016-06-09 19:25:32"
"475","C-003","一般社団法人　葛西地震研究所","葛西観測所−Ａ","1","2016-06-07 23:07:48","2016-06-09 19:25:32"
"476","C-003","一般社団法人　葛西地震研究所","葛西観測所−Ａ","0","2016-06-07 23:08:48","2016-06-09 19:25:32"
"477","C-003","一般社団法人　葛西地震研究所","葛西観測所−Ａ","0","2016-06-07 23:09:48","2016-06-09 19:25:32"
"478","C-003","一般社団法人　葛西地震研究所","葛西観測所−Ａ","0","2016-06-07 23:10:48","2016-06-09 19:25:32"
"479","C-003","一般社団法人　葛西地震研究所","葛西観測所−Ａ","0","2016-06-07 23:11:48","2016-06-09 19:25:32"
"480","C-003","一般社団法人　葛西地震研究所","葛西観測所−Ａ","0","2016-06-07 23:12:48","2016-06-09 19:25:32"
"481","C-003","一般社団法人　葛西地震研究所","葛西観測所−Ａ","0","2016-06-07 23:13:48","2016-06-09 19:25:32"
"482","C-003","一般社団法人　葛西地震研究所","葛西観測所−Ａ","0","2016-06-07 23:14:48","2016-06-09 19:25:32"
"483","C-003","一般社団法人　葛西地震研究所","葛西観測所−Ａ","0","2016-06-07 23:15:48","2016-06-09 19:25:32"
"484","C-003","一般社団法人　葛西地震研究所","葛西観測所−Ａ","0","2016-06-07 23:16:48","2016-06-09 19:25:32"
"485","C-003","一般社団法人　葛西地震研究所","葛西観測所−Ａ","0","2016-06-07 23:17:48","2016-06-09 19:25:32"
"486","C-003","一般社団法人　葛西地震研究所","葛西観測所−Ａ","0","2016-06-07 23:18:48","2016-06-09 19:25:32"
"487","C-003","一般社団法人　葛西地震研究所","葛西観測所−Ａ","0","2016-06-07 23:19:48","2016-06-09 19:25:32"
"488","C-003","一般社団法人　葛西地震研究所","葛西観測所−Ａ","0","2016-06-07 23:20:48","2016-06-09 19:25:32"
"489","C-003","一般社団法人　葛西地震研究所","葛西観測所−Ａ","0","2016-06-07 23:21:48","2016-06-09 19:25:32"
"490","C-003","一般社団法人　葛西地震研究所","葛西観測所−Ａ","0","2016-06-07 23:22:48","2016-06-09 19:25:32"
"491","C-003","一般社団法人　葛西地震研究所","葛西観測所−Ａ","0","2016-06-07 23:23:48","2016-06-09 19:25:32"
"492","C-003","一般社団法人　葛西地震研究所","葛西観測所−Ａ","0","2016-06-07 23:24:48","2016-06-09 19:25:32"
"493","C-003","一般社団法人　葛西地震研究所","葛西観測所−Ａ","0","2016-06-07 23:25:48","2016-06-09 19:25:32"
"494","C-003","一般社団法人　葛西地震研究所","葛西観測所−Ａ","0","2016-06-07 23:26:48","2016-06-09 19:25:32"
"495","C-003","一般社団法人　葛西地震研究所","葛西観測所−Ａ","0","2016-06-07 23:27:48","2016-06-09 19:25:32"
"496","C-003","一般社団法人　葛西地震研究所","葛西観測所−Ａ","0","2016-06-07 23:28:48","2016-06-09 19:25:33"
"497","C-003","一般社団法人　葛西地震研究所","葛西観測所−Ａ","0","2016-06-07 23:29:48","2016-06-09 19:25:33"
"498","C-003","一般社団法人　葛西地震研究所","葛西観測所−Ａ","0","2016-06-07 23:30:48","2016-06-09 19:25:33"
"499","C-003","一般社団法人　葛西地震研究所","葛西観測所−Ａ","0","2016-06-07 23:31:48","2016-06-09 19:25:33"
"500","C-003","一般社団法人　葛西地震研究所","葛西観測所−Ａ","0","2016-06-07 23:32:48","2016-06-09 19:25:33"
"501","C-003","一般社団法人　葛西地震研究所","葛西観測所−Ａ","0","2016-06-07 23:33:48","2016-06-09 19:25:33"
"502","C-003","一般社団法人　葛西地震研究所","葛西観測所−Ａ","0","2016-06-07 23:34:48","2016-06-09 19:25:33"
"503","C-003","一般社団法人　葛西地震研究所","葛西観測所−Ａ","0","2016-06-07 23:35:48","2016-06-09 19:25:33"
"504","C-003","一般社団法人　葛西地震研究所","葛西観測所−Ａ","0","2016-06-07 23:36:48","2016-06-09 19:25:33"
"505","C-003","一般社団法人　葛西地震研究所","葛西観測所−Ａ","1","2016-06-07 23:37:48","2016-06-09 19:25:33"
"506","C-003","一般社団法人　葛西地震研究所","葛西観測所−Ａ","0","2016-06-07 23:38:48","2016-06-09 19:25:33"
"507","C-003","一般社団法人　葛西地震研究所","葛西観測所−Ａ","0","2016-06-07 23:39:48","2016-06-09 19:25:33"
"508","C-003","一般社団法人　葛西地震研究所","葛西観測所−Ａ","0","2016-06-07 23:40:48","2016-06-09 19:25:33"
"509","C-003","一般社団法人　葛西地震研究所","葛西観測所−Ａ","0","2016-06-07 23:41:48","2016-06-09 19:25:33"
"510","C-003","一般社団法人　葛西地震研究所","葛西観測所−Ａ","0","2016-06-07 23:42:48","2016-06-09 19:25:33"
"511","C-003","一般社団法人　葛西地震研究所","葛西観測所−Ａ","0","2016-06-07 23:43:48","2016-06-09 19:25:33"
"512","C-003","一般社団法人　葛西地震研究所","葛西観測所−Ａ","1","2016-06-07 23:44:48","2016-06-09 19:25:33"
"513","C-003","一般社団法人　葛西地震研究所","葛西観測所−Ａ","0","2016-06-07 23:45:48","2016-06-09 19:25:33"
"514","C-003","一般社団法人　葛西地震研究所","葛西観測所−Ａ","0","2016-06-07 23:46:48","2016-06-09 19:25:33"
"515","C-003","一般社団法人　葛西地震研究所","葛西観測所−Ａ","0","2016-06-07 23:47:48","2016-06-09 19:25:33"
"516","C-003","一般社団法人　葛西地震研究所","葛西観測所−Ａ","0","2016-06-07 23:48:48","2016-06-09 19:25:33"
"517","C-003","一般社団法人　葛西地震研究所","葛西観測所−Ａ","0","2016-06-07 23:49:49","2016-06-09 19:25:33"
"518","C-003","一般社団法人　葛西地震研究所","葛西観測所−Ａ","0","2016-06-07 23:50:49","2016-06-09 19:25:33"
"519","C-003","一般社団法人　葛西地震研究所","葛西観測所−Ａ","0","2016-06-07 23:51:49","2016-06-09 19:25:33"
"520","C-003","一般社団法人　葛西地震研究所","葛西観測所−Ａ","0","2016-06-07 23:52:49","2016-06-09 19:25:33"
"521","C-003","一般社団法人　葛西地震研究所","葛西観測所−Ａ","0","2016-06-07 23:53:49","2016-06-09 19:25:33"
"522","C-003","一般社団法人　葛西地震研究所","葛西観測所−Ａ","0","2016-06-07 23:54:49","2016-06-09 19:25:34"
"523","C-003","一般社団法人　葛西地震研究所","葛西観測所−Ａ","0","2016-06-07 23:55:49","2016-06-09 19:25:34"
"524","C-003","一般社団法人　葛西地震研究所","葛西観測所−Ａ","0","2016-06-07 23:56:49","2016-06-09 19:25:34"
"525","C-003","一般社団法人　葛西地震研究所","葛西観測所−Ａ","0","2016-06-07 23:57:49","2016-06-09 19:25:34"
"526","C-003","一般社団法人　葛西地震研究所","葛西観測所−Ａ","0","2016-06-07 23:58:49","2016-06-09 19:25:34"
"527","C-003","一般社団法人　葛西地震研究所","葛西観測所−Ａ","0","2016-06-07 23:59:49","2016-06-09 19:25:34"
